{"cameraMode":{"drawMode":0,"name":"Shaded","section":"Shading Mode"},"sceneLighting":false,"audioPlay":false,"sceneViewState":{"m_AlwaysRefresh":true,"showFog":true,"showSkybox":false,"showFlares":true,"showImageEffects":true,"showParticleSystems":true,"showVisualEffectGraphs":true,"m_FxEnabled":true},"in2DMode":false,"pivot":{"x":341.3147888183594,"y":383.50177001953127,"z":-0.0950775146484375},"rotation":{"x":-0.008911735378205777,"y":-0.9719591736793518,"z":0.23200052976608277,"w":-0.03733440488576889},"size":94.94857788085938,"orthographic":false}