{"cameraMode":{"drawMode":0,"name":"Shaded","section":"Shading Mode"},"sceneLighting":false,"audioPlay":false,"sceneViewState":{"m_AlwaysRefresh":true,"showFog":true,"showSkybox":false,"showFlares":true,"showImageEffects":true,"showParticleSystems":true,"showVisualEffectGraphs":true,"m_FxEnabled":true},"in2DMode":false,"pivot":{"x":-1.7167367935180665,"y":1.4144718647003174,"z":2.2786247730255129},"rotation":{"x":-0.16291269659996034,"y":0.04465874657034874,"z":-0.0073835402727127079,"w":-0.9856194257736206},"size":11.142563819885254,"orthographic":false}