{"cameraMode":{"drawMode":0,"name":"Shaded","section":"Shading Mode"},"sceneLighting":false,"audioPlay":false,"sceneViewState":{"m_AlwaysRefresh":true,"showFog":true,"showSkybox":false,"showFlares":true,"showImageEffects":true,"showParticleSystems":true,"showVisualEffectGraphs":true,"m_FxEnabled":true},"in2DMode":false,"pivot":{"x":-0.1703627109527588,"y":8.353711128234864,"z":2.9236831665039064},"rotation":{"x":-0.027389030903577806,"y":-0.9725683331489563,"z":0.15775972604751588,"w":-0.16884294152259828},"size":8.059307098388672,"orthographic":false}