{"cameraMode":{"drawMode":0,"name":"Shaded","section":"Shading Mode"},"sceneLighting":false,"audioPlay":false,"sceneViewState":{"m_AlwaysRefresh":true,"showFog":true,"showSkybox":false,"showFlares":true,"showImageEffects":true,"showParticleSystems":true,"showVisualEffectGraphs":true,"m_FxEnabled":true},"in2DMode":false,"pivot":{"x":-0.005714535713195801,"y":0.12129402160644531,"z":0.15075060725212098},"rotation":{"x":0.13254116475582124,"y":0.11304500699043274,"z":-0.015216989442706108,"w":0.9846082329750061},"size":1.1660254001617432,"orthographic":false}