{"cameraMode":{"drawMode":0,"name":"Shaded","section":"Shading Mode"},"sceneLighting":false,"audioPlay":false,"sceneViewState":{"m_AlwaysRefresh":true,"showFog":true,"showSkybox":false,"showFlares":true,"showImageEffects":true,"showParticleSystems":true,"showVisualEffectGraphs":true,"m_FxEnabled":true},"in2DMode":false,"pivot":{"x":1.6101531982421876,"y":4.671070098876953,"z":1.3429985046386719},"rotation":{"x":0.17601124942302705,"y":0.14152035117149354,"z":-0.02557884342968464,"w":0.9738422632217407},"size":6.835808277130127,"orthographic":false}