{"cameraMode":{"drawMode":0,"name":"Shaded","section":"Shading Mode"},"sceneLighting":false,"audioPlay":false,"sceneViewState":{"m_AlwaysRefresh":true,"showFog":true,"showSkybox":false,"showFlares":true,"showImageEffects":true,"showParticleSystems":true,"showVisualEffectGraphs":true,"m_FxEnabled":true},"in2DMode":false,"pivot":{"x":0.34026241302490237,"y":3.5075292587280275,"z":0.3921632766723633},"rotation":{"x":-0.10587257146835327,"y":-0.2008250504732132,"z":0.021823909133672715,"w":-0.9736592769622803},"size":4.246786594390869,"orthographic":false}