{"cameraMode":{"drawMode":0,"name":"Shaded","section":"Shading Mode"},"sceneLighting":false,"audioPlay":false,"sceneViewState":{"m_AlwaysRefresh":true,"showFog":true,"showSkybox":false,"showFlares":true,"showImageEffects":true,"showParticleSystems":true,"showVisualEffectGraphs":true,"m_FxEnabled":true},"in2DMode":false,"pivot":{"x":1.1595474481582642,"y":7.998075485229492,"z":0.7205767631530762},"rotation":{"x":-0.03927082195878029,"y":0.03805813565850258,"z":-0.0014967223396524788,"w":-0.9985021948814392},"size":11.71412467956543,"orthographic":false}